{
  "unfair-credit-exclusion": {
    "value": 0.024801587301587324,
    "power": {
      "n": 200,
      "n_clusters": null,
      "groups": {
        "1": 144,
        "0": 56
      },
      "ci_low": 0.0018868615473005752,
      "ci_high": 0.15593971793120331,
      "ci_level": 0.95,
      "method": "bootstrap",
      "n_boot": 1000,
      "seed": 42
    }
  }
}